,0
0,pro
1,wrote
2,properly
3,unrivaled
4,globe
5,largest
6,valuecreating
7,wait
8,analyzed
9,backbone
10,launches
11,cinema
12,erle
13,compared
14,needed
15,sperry
16,exploring
17,communication
18,drag
19,student
20,approval
21,periods
22,truck
23,excludes
24,examined
25,bradesco
26,efficiencies
27,monetary
28,conducting
29,utilization
30,customers
31,overshadowed
32,womens
33,soon
34,cast
35,cooperate
36,deployment
37,speaks
38,superb
39,drugstore
40,airline
41,regulations
42,concluded
43,structures
44,clusters
45,manual
46,involve
47,ibmers
48,saas
49,topic
50,signings
51,incremental
52,scientific
53,underneath
54,pervasiveness
55,activity
56,applications
57,dropoff
58,rich
59,let
60,middle
61,knowledge
62,reinvent
63,array
64,discipline
65,analytic
66,sufficient
67,marvels
68,women
69,afghanistan
70,tombualandana
71,markets
72,simulation
73,workers
74,insurers
75,walk
76,stabilize
77,handset
78,lowercost
79,wellintegrated
80,precious
81,mechanism
82,broadening
83,insights
84,eras
85,larger
86,assist
87,maximize
88,highnetworth
89,probably
90,customer
91,healthcare
92,schools
93,evidencebased
94,dedicated
95,transparency
96,wheatstone
97,purchased
98,pride
99,understands
100,matter
101,land
102,love
103,encour
104,runrate
105,driving
106,asian
107,agenda
108,dollar
109,output
110,hse
111,stakeholders
112,obvious
113,systems
114,emissions
115,hydraulic
116,detailed
117,argue
118,motivate
119,components
120,managements
121,stocks
122,stage
123,currency
124,enhancing
125,engagements
126,forced
127,exited
128,commu
129,unifying
130,marks
131,star
132,employees
133,sophisticated
134,outpace
135,stopped
136,mile
137,assurance
138,deals
139,navigated
140,tight
141,tell
142,forma
143,purchases
144,households
145,asia
146,volatile
147,assistance
148,marcus
149,unemployment
150,intermediate
151,nimble
152,closing
153,hedging
154,powering
155,accomplish
156,managementteam
157,gratifying
158,pp
159,young
160,outlook
161,little
162,mitigation
163,increase
164,ibm
165,guiding
166,commitments
167,consequences
168,escalating
169,family
170,said
171,virtually
172,water
173,ball
174,uncertain
175,permits
176,honor
177,gamechanging
178,iii
179,server
180,governance
181,minds
182,combines
183,counts
184,fight
185,precrisis
186,previously
187,weigh
188,extraordinary
189,securing
190,ethic
191,adding
192,ideal
193,washington
194,commentators
195,storage
196,migrating
197,outperforming
198,instance
199,translating
200,resulting
201,supplies
202,eries
203,near
204,lake
205,framework
206,upstream
207,cohn
208,praises
209,telehealth
210,constituents
211,absolute
212,dozen
213,stands
214,roll
215,earning
216,facility
217,carefully
218,champions
219,various
220,progressing
221,petrochemicals
222,fit
223,huge
224,appropriately
225,based
226,advancement
227,training
228,understanding
229,innovations
230,congress
231,tier
232,operational
233,clients
234,geopolitical
235,cds
236,enterprises
237,cope
238,returns
239,disrupt
240,assigns
241,fine
242,phillips
243,executives
244,tragedy
245,growing
246,perfor
247,onehalf
248,chosen
249,player
250,window
251,views
252,predecessor
253,mention
254,summit
255,muted
256,red
257,fund
258,entering
259,tdscdma
260,rebound
261,victims
262,enhance
263,produces
264,exploratory
265,notwithstanding
266,large
267,subsided
268,contribution
269,lift
270,interoperability
271,graphics
272,horizontal
273,processing
274,list
275,focuses
276,governments
277,seriously
278,directing
279,blockchain
280,tax
281,contractors
282,curve
283,survey
284,factors
285,authorized
286,shipping
287,daytoday
288,resigned
289,non
290,premier
291,onetoone
292,commoditization
293,shortterm
294,expenses
295,tech
296,analysis
297,human
298,expansions
299,precisely
300,experience
301,wants
302,signing
303,patients
304,men
305,support
306,learned
307,deteriorated
308,minimal
309,exclusive
310,partners
311,includinga
312,thoroughly
313,connecting
314,green
315,proliferating
316,report
317,merger
318,names
319,relationship
320,weather
321,easing
322,backend
323,depth
324,gone
325,averaged
326,catalyst
327,maintaining
328,cognizant
329,projected
330,count
331,fortress
332,commercially
333,interesting
334,australian
335,trend
336,geographies
337,problem
338,simplifying
339,mining
340,arrived
341,funds
342,quite
343,task
344,plenty
345,striving
346,tested
347,derivative
348,infusion
349,multicultural
350,deepened
351,automated
352,sure
353,rst
354,earlier
355,existing
356,opposed
357,proportion
358,pump
359,broken
360,spirit
361,aviation
362,finan
363,losers
364,utah
365,dreds
366,san
367,haynesville
368,angeles
369,parts
370,macro
371,abuse
372,lots
373,capitalization
374,unique
375,pbms
376,california
377,coinvestment
378,research
379,ethically
380,countless
381,gaap
382,publication
383,qualify
384,publishers
385,exposure
386,analysts
387,surprised
388,disclosure
389,thing
390,sweet
391,integrate
392,thought
393,treasurys
394,evolved
395,designing
396,begin
397,edge
398,rationalizing
399,feeforservice
400,broadcast
401,caremark
402,second
403,parallel
404,send
405,fleet
406,crew
407,kenya
408,arise
409,greatly
410,tubing
411,biggest
412,medication
413,regulators
414,inkjet
415,owned
416,forward
417,local
418,practical
419,depths
420,import
421,august
422,intense
423,required
424,defend
425,fluctuating
426,elusive
427,documents
428,prolonged
429,rolled
430,left
431,disposal
432,applying
433,spot
434,season
435,exchanges
436,dvd
437,books
438,devoted
439,especially
440,connectkeyenabled
441,societal
442,suggest
443,promise
444,rockies
445,facilitation
446,regardless
447,original
448,strongly
449,environments
450,stewardship
451,wise
452,undertook
453,accomplished
454,built
455,retained
456,naturally
457,portfolios
458,divisions
459,monitors
460,advisor
461,fueling
462,london
463,reorganized
464,crossmedia
465,retail
466,exaggeration
467,par
468,sheer
469,flatter
470,dramatically
471,disappointing
472,sector
473,administrator
474,lowered
475,unmatched
476,amici
477,established
478,geopilot
479,maintenance
480,organization
481,billions
482,ranking
483,instock
484,decreasing
485,proud
486,tarp
487,counterparties
488,consistently
489,liquidated
490,constructive
491,switzerland
492,studio
493,device
494,sharply
495,peter
496,asset
497,percentand
498,teamworks
499,conflict
500,deployed
501,universities
502,contracts
503,roe
504,embracing
505,statistical
506,placement
507,reason
508,note
509,graduating
510,severe
511,adaptation
512,apple
513,europe
514,prosperity
515,remix
516,remote
517,objective
518,entrepreneurs
519,uk
520,helps
521,mentoring
522,app
523,refined
524,pulling
525,timing
526,wells
527,concerning
528,physician
529,uhs
530,shifted
531,ipo
532,obviously
533,noted
534,chargeoff
535,expressed
536,peak
537,technical
538,dean
539,table
540,additional
541,hostile
542,brighter
543,reactivating
544,assetbacked
545,release
546,assess
547,budgets
548,longtime
549,failure
550,singapore
551,nationwide
552,sake
553,american
554,disappointed
555,evolution
556,institu
557,barrels
558,frade
559,modeling
560,securities
561,payments
562,sheet
563,recession
564,goods
565,tremendous
566,expecting
567,resist
568,picking
569,forcing
570,mindset
571,personal
572,telephone
573,mapping
574,highly
575,methodologies
576,gorgon
577,ket
578,intermediaries
579,endeavor
580,unitedhealth
581,sources
582,goldman
583,standing
584,inspiring
585,respectively
586,strides
587,freely
588,organi
589,multimilliondollar
590,drawing
591,enhancement
592,concerns
593,coiled
594,weeks
595,figure
596,scan
597,remainder
598,topics
599,bought
600,driven
601,forms
602,directional
603,monoline
604,drop
605,discussed
606,factor
607,perspectives
608,presented
609,gsm
610,stick
611,fundamentals
612,stood
613,bond
614,presenting
615,sun
616,aspect
617,percent
618,directly
619,continuous
620,sent
621,brewbased
622,enterprise
623,conference
624,conservation
625,type
626,aligned
627,indelible
628,person
629,retire
630,match
631,underwrite
632,proposed
633,ibmersand
634,investigations
635,korea
636,development
637,banking
638,sweeping
639,spreads
640,referendum
641,adjust
642,remake
643,copiers
644,causing
645,workload
646,shorter
647,subscribers
648,pre
649,percentof
650,ownership
651,ma
652,penetration
653,shares
654,communities
655,surprisingly
656,prioritize
657,payer
658,important
659,tailor
660,worthy
661,exceed
662,higher
663,uncertainty
664,databases
665,zero
666,automating
667,epic
668,appealed
669,photography
670,liquid
671,difficult
672,mediumsized
673,worldclass
674,signal
675,taxableequivalent
676,lend
677,effective
678,demonstrated
679,smartphone
680,citizens
681,harness
682,idc
683,efforts
684,aim
685,neighborhoods
686,offshore
687,sustained
688,truism
689,engage
690,design
691,new
692,apparent
693,mae
694,nation
695,concessionaires
696,tedious
697,style
698,despite
699,financed
700,food
701,speak
702,preceded
703,longer
704,league
705,clocks
706,countrywide
707,liquids
708,reaches
709,germany
710,behalf
711,charles
712,secondgeneration
713,productivity
714,share
715,concept
716,complexity
717,creating
718,identify
719,designs
720,items
721,using
722,preferred
723,particularly
724,start
725,royalties
726,fields
727,meet
728,offer
729,creators
730,pune
731,technicians
732,revenues
733,midsize
734,failed
735,swiftly
736,encourages
737,label
738,clearly
739,broader
740,yielding
741,stretch
742,multi
743,complement
744,days
745,declines
746,donoradvised
747,intervention
748,segments
749,departments
750,cvs
751,spectrum
752,debates
753,excellence
754,distinct
755,intractable
756,redundancies
757,strategic
758,barrier
759,accommodate
760,brands
761,hands
762,aged
763,literally
764,increasingly
765,outsource
766,commitment
767,process
768,need
769,gulf
770,recruit
771,awareness
772,lastly
773,managed
774,newest
775,ramped
776,welcomed
777,expected
778,broadband
779,regions
780,individuals
781,affluent
782,effects
783,bureaucratic
784,conventional
785,augmented
786,exponentially
787,charitable
788,gold
789,annuitybased
790,pure
791,thank
792,aftertax
793,legal
794,defining
795,cfo
796,countrys
797,learning
798,initiatives
799,extremely
800,fracture
801,passed
802,believing
803,signature
804,surpassing
805,forming
806,shifts
807,informs
808,range
809,cross
810,absolutely
811,supervision
812,hallmark
813,prescriptions
814,extensive
815,recalibrate
816,touched
817,anchored
818,highspeed
819,arent
820,communications
821,recent
822,turbulent
823,setting
824,answer
825,rank
826,run
827,carbon
828,practice
829,capable
830,websphere
831,users
832,clean
833,executed
834,construction
835,credible
836,adherence
837,upgrading
838,scientists
839,provide
840,aggressively
841,enthusiastically
842,help
843,achievable
844,pcs
845,minimizing
846,neighborhood
847,records
848,chicago
849,annual
850,equip
851,endtoend
852,crown
853,price
854,adopted
855,committing
856,qatar
857,slowly
858,ab
859,operates
860,ntt
861,gap
862,navigation
863,seasoned
864,vibrant
865,sluggish
866,pershare
867,personnel
868,group
869,scaled
870,courage
871,underpins
872,anticipate
873,competition
874,illustration
875,demographics
876,scanning
877,net
878,bsc
879,stretching
880,emerge
881,interact
882,prepare
883,signed
884,shops
885,easy
886,innovate
887,wasthe
888,economies
889,join
890,putting
891,underserved
892,counterintuitive
893,applica
894,interactions
895,interface
896,rally
897,technologyand
898,acquired
899,illuminate
900,impede
901,reduces
902,mbna
903,use
904,wanted
905,origins
906,priorities
907,positioning
908,advantaged
909,licensed
910,likewise
911,consumers
912,empower
913,resolution
914,twice
915,considerably
916,vegas
917,insight
918,giant
919,implement
920,euro
921,zation
922,analyst
923,changein
924,reasons
925,bankers
926,ment
927,talents
928,proposition
929,responsibilities
930,expenditures
931,visit
932,empowering
933,reminder
934,ebook
935,bet
936,confront
937,streamline
938,safesend
939,nongovernmental
940,illiquid
941,limiting
942,benefi
943,deserve
944,passionate
945,consistency
946,education
947,implementing
948,raising
949,digital
950,hopefully
951,brokerage
952,shouldnt
953,breaks
954,remind
955,addresses
956,fiercely
957,exemplified
958,yields
959,brewenabled
960,medicare
961,enforcement
962,struggling
963,multiple
964,printers
965,adjustments
966,proposals
967,effort
968,message
969,ratio
970,merchandise
971,outcomes
972,spending
973,networking
974,preference
975,conclude
976,spread
977,metropolitan
978,publicly
979,rebuilt
980,printed
981,consolidate
982,deepest
983,pressure
984,actions
985,incentive
986,weinberg
987,criticism
988,controls
989,debit
990,fullscale
991,stem
992,insurance
993,issue
994,wellreceived
995,honored
996,primarily
997,econ
998,compassion
999,telling
1000,synergy
1001,housing
1002,saves
1003,tightened
1004,avoidable
1005,mentored
1006,notably
1007,held
1008,uig
1009,commensurate
1010,collection
1011,differentiator
1012,physical
1013,desire
1014,federal
1015,monitor
1016,multimedia
1017,gifts
1018,transparent
1019,contract
1020,breathing
1021,shop
1022,predictable
1023,total
1024,files
1025,corporate
1026,fabrication
1027,wide
1028,merging
1029,payors
1030,businessis
1031,hindsight
1032,tony
1033,helping
1034,insist
1035,heavily
1036,improve
1037,ask
1038,multiband
1039,currently
1040,importantly
1041,utilize
1042,save
1043,corpo
1044,compound
1045,protect
1046,qct
1047,rule
1048,cohead
1049,brew
1050,intelligence
1051,determine
1052,advisory
1053,fills
1054,expansion
1055,biofuels
1056,apart
1057,eurasia
1058,bankof
1059,highend
1060,served
1061,evaluating
1062,constructed
1063,results
1064,silica
1065,convergence
1066,groundbreaking
1067,monitored
1068,boasts
1069,trade
1070,drilled
1071,graduation
1072,membership
1073,semiconductor
1074,highlight
1075,invite
1076,technologies
1077,trained
1078,holds
1079,told
1080,finance
1081,inside
1082,value
1083,affiliate
1084,emphasize
1085,architectures
1086,complementing
1087,ogy
1088,business
1089,ontheground
1090,contributed
1091,spans
1092,wrong
1093,theres
1094,cdma
1095,financier
1096,lumpsum
1097,ecosystem
1098,showing
1099,southern
1100,radically
1101,lean
1102,dynamics
1103,photos
1104,connection
1105,onequarter
1106,primary
1107,prescribed
1108,frankly
1109,internationally
1110,feedback
1111,reward
1112,daunting
1113,streaming
1114,sacrifice
1115,sing
1116,involvement
1117,servicing
1118,confi
1119,european
1120,inventory
1121,pocket
1122,maps
1123,berkshire
1124,supports
1125,risk
1126,patience
1127,anda
1128,strength
1129,hall
1130,nearterm
1131,plants
1132,basically
1133,code
1134,childrens
1135,risen
1136,legendary
1137,educational
1138,pim
1139,invented
1140,possibly
1141,confidence
1142,david
1143,convert
1144,fingertips
1145,advocate
1146,coupled
1147,stricter
1148,longterm
1149,pennsylvania
1150,shape
1151,affiliated
1152,waste
1153,tional
1154,marketfacing
1155,halliburton
1156,transactions
1157,rulemaking
1158,derive
1159,florida
1160,hearing
1161,docucolor
1162,startup
1163,repurchased
1164,simplifies
1165,realize
1166,dence
1167,clearing
1168,programs
1169,expertise
1170,stature
1171,combine
1172,purchasing
1173,todays
1174,cities
1175,recording
1176,nonetheless
1177,rely
1178,announce
1179,smfg
1180,costeffective
1181,payout
1182,composed
1183,shown
1184,elect
1185,chipsets
1186,manufacturing
1187,companys
1188,abilities
1189,transact
1190,japan
1191,industrial
1192,fairly
1193,evidence
1194,copay
1195,prudent
1196,vendors
1197,completely
1198,lasting
1199,caring
1200,tv
1201,strate
1202,promote
1203,plans
1204,underpinned
1205,demonstrating
1206,traded
1207,pushed
1208,convened
1209,intuitive
1210,society
1211,repre
1212,thirdgeneration
1213,communicates
1214,releases
1215,heard
1216,mobility
1217,harder
1218,actionable
1219,globalization
1220,fairness
1221,bangladesh
1222,implementation
1223,demanding
1224,march
1225,cvshealthcom
1226,documentrelated
1227,unicom
1228,students
1229,tenure
1230,philanthropic
1231,downhole
1232,transit
1233,founder
1234,stimulate
1235,fixedincome
1236,productive
1237,manager
1238,environ
1239,kinds
1240,acrossa
1241,cognitive
1242,letters
1243,acquiring
1244,adversity
1245,reelection
1246,nonprofits
1247,vital
1248,captures
1249,strip
1250,chuandongbei
1251,exploit
1252,igen
1253,talent
1254,multifunction
1255,transportation
1256,creative
1257,enter
1258,mortgagebacked
1259,picture
1260,director
1261,therapy
1262,chronically
1263,ninth
1264,regarding
1265,instore
1266,optimal
1267,spain
1268,incountry
1269,released
1270,areas
1271,enormously
1272,drove
1273,feebased
1274,favorably
1275,previous
1276,exercised
1277,shift
1278,chad
1279,contrast
1280,participation
1281,careers
1282,clarity
1283,fostering
1284,office
1285,investments
1286,simple
1287,curves
1288,rigor
1289,leaves
1290,networks
1291,johnson
1292,debut
1293,collective
1294,ambassador
1295,grateful
1296,ceo
1297,anticipated
1298,subscriber
1299,undertake
1300,worth
1301,pieces
1302,leave
1303,llc
1304,covering
1305,touch
1306,operated
1307,geothermal
1308,reposition
1309,investing
1310,aligns
1311,measure
1312,compromising
1313,offense
1314,affecting
1315,energy
1316,trades
1317,getting
1318,generic
1319,usbased
1320,outflows
1321,moderateincome
1322,popularity
1323,responsible
1324,standalone
1325,concentrate
1326,gains
1327,dust
1328,integration
1329,excluding
1330,divestiture
1331,divisional
1332,impossible
1333,keys
1334,combination
1335,mirror
1336,terms
1337,origination
1338,wisely
1339,pertaining
1340,boosting
1341,chair
1342,operation
1343,layout
1344,monthly
1345,responsi
1346,export
1347,heading
1348,potentially
1349,valuations
1350,stimulation
1351,great
1352,tightly
1353,lender
1354,enterprisewide
1355,deploying
1356,surge
1357,sort
1358,respect
1359,details
1360,sign
1361,varying
1362,latin
1363,fuji
1364,reliable
1365,adults
1366,utilities
1367,sale
1368,result
1369,rapid
1370,chinese
1371,eliminated
1372,lower
1373,domestic
1374,regularly
1375,offered
1376,turns
1377,scope
1378,lesson
1379,cornerstones
1380,restrictions
1381,program
1382,underpinning
1383,independence
1384,airlines
1385,grade
1386,maker
1387,lows
1388,improvements
1389,frank
1390,tahiti
1391,debate
1392,sold
1393,engineer
1394,acutely
1395,renewal
1396,volunteerism
1397,ideas
1398,seamlessly
1399,excelled
1400,thirdparty
1401,associates
1402,counseling
1403,nextgeneration
1404,jewels
1405,superior
1406,letter
1407,charlotte
1408,entails
1409,invent
1410,succeeding
1411,candidly
1412,foundation
1413,law
1414,resource
1415,humbled
1416,favorable
1417,reorienting
1418,bil
1419,victory
1420,departure
1421,doctors
1422,distinguished
1423,inventions
1424,handling
1425,relentless
1426,platform
1427,argentina
1428,abhors
1429,consumption
1430,entire
1431,undergone
1432,ive
1433,incorporating
1434,allowed
1435,endure
1436,delight
1437,bridges
1438,incubated
1439,patented
1440,funding
1441,suited
1442,hightemperature
1443,basin
1444,initiated
1445,adapt
1446,lifetime
1447,decided
1448,scalable
1449,cue
1450,cios
1451,chips
1452,global
1453,powerful
1454,introduced
1455,provision
1456,experts
1457,los
1458,filled
1459,averaging
1460,chevrontexaco
1461,fuels
1462,teaching
1463,southeast
1464,tenets
1465,backlog
1466,increasing
1467,businesses
1468,restructuring
1469,inability
1470,lenovo
1471,life
1472,investigate
1473,yearover
1474,mainstream
1475,street
1476,leases
1477,impacts
1478,anchor
1479,attorney
1480,tobaccofree
1481,roster
1482,illinois
1483,collectively
1484,lines
1485,tracking
1486,thankful
1487,growthwe
1488,posting
1489,hubs
1490,cdmabased
1491,yield
1492,small
1493,capitalize
1494,introspection
1495,tal
1496,directors
1497,political
1498,relation
1499,substantial
1500,congressional
1501,direction
1502,tommy
1503,sudden
1504,parks
1505,idea
1506,americas
1507,opinions
1508,risky
1509,linux
1510,duration
1511,eye
1512,reading
1513,won
1514,msm
1515,strategies
1516,isnt
1517,requiring
1518,fewer
1519,improving
1520,projections
1521,affordable
1522,youre
1523,observers
1524,uniquely
1525,proudly
1526,gas
1527,looking
1528,rig
1529,america
1530,place
1531,rigorous
1532,purpose
1533,class
1534,cure
1535,responsibilityto
1536,anniversary
1537,energys
1538,drive
1539,computers
1540,mentors
1541,checking
1542,socalled
1543,incorporate
1544,embrace
1545,television
1546,marketleading
1547,sites
1548,represents
1549,mitigate
1550,texoma
1551,unified
1552,way
1553,profoundly
1554,vessel
1555,care
1556,reinvigorated
1557,multiproduct
1558,fiveyear
1559,laws
1560,section
1561,paul
1562,thinking
1563,unparalleled
1564,loggingwhiledrilling
1565,intelbased
1566,scaling
1567,posi
1568,provides
1569,safetyrelated
1570,distinction
1571,troubled
1572,aggressive
1573,tool
1574,linked
1575,dc
1576,conditions
1577,advan
1578,disciplines
1579,fraud
1580,guided
1581,spare
1582,happened
1583,inherently
1584,grassroots
1585,examples
1586,october
1587,convertible
1588,resulted
1589,exploitation
1590,appraisal
1591,loyalty
1592,compete
1593,directtoconsumer
1594,cancer
1595,recognition
1596,ayco
1597,precise
1598,consolidating
1599,source
1600,ending
1601,addressable
1602,matched
1603,century
1604,knew
1605,ability
1606,pick
1607,strengthening
1608,momentum
1609,unstructured
1610,search
1611,ended
1612,generating
1613,usan
1614,features
1615,pattern
1616,reputation
1617,assets
1618,underwriting
1619,innovation
1620,product
1621,convinced
1622,deposit
1623,esg
1624,ground
1625,pathways
1626,engineering
1627,shore
1628,lies
1629,valueenhancing
1630,ai
1631,struggle
1632,optimization
1633,coming
1634,fact
1635,shoppers
1636,laying
1637,hours
1638,reporting
1639,publishing
1640,climbed
1641,veterans
1642,build
1643,benefit
1644,aftermath
1645,ratings
1646,exacerbating
1647,buy
1648,minimize
1649,moment
1650,settlement
1651,transition
1652,promoting
1653,translated
1654,standardized
1655,open
1656,stabilized
1657,promising
1658,acting
1659,measurements
1660,participating
1661,blocks
1662,agreements
1663,differently
1664,pressing
1665,repurchases
1666,dimensions
1667,spaces
1668,adult
1669,undertaken
1670,negotiate
1671,replacing
1672,smarter
1673,sides
1674,matters
1675,maturing
1676,extending
1677,peer
1678,came
1679,widespread
1680,contributor
1681,decision
1682,associated
1683,profits
1684,applicants
1685,ful
1686,graphic
1687,indications
1688,sectors
1689,obama
1690,vicinity
1691,security
1692,vehicles
1693,negatively
1694,postscript
1695,firethorn
1696,searched
1697,force
1698,related
1699,serve
1700,causes
1701,challenging
1702,holistic
1703,underwriter
1704,borders
1705,safe
1706,stepping
1707,determining
1708,certain
1709,including
1710,emerged
1711,right
1712,binding
1713,sight
1714,gwim
1715,proper
1716,lives
1717,mids
1718,mainframes
1719,classroom
1720,vocal
1721,mac
1722,assuring
1723,overload
1724,ness
1725,tensions
1726,al
1727,resellers
1728,members
1729,oil
1730,stems
1731,blend
1732,presence
1733,pharmacy
1734,consideration
1735,retention
1736,survive
1737,marketmaking
1738,showed
1739,systematic
1740,cardholders
1741,professionalism
1742,conduct
1743,rush
1744,rewards
1745,able
1746,riskweighted
1747,identity
1748,businesscritical
1749,wealth
1750,procare
1751,miami
1752,legitimate
1753,borrowing
1754,period
1755,serves
1756,generate
1757,utilizing
1758,outsourced
1759,venues
1760,stronger
1761,qwbs
1762,guides
1763,cultural
1764,installed
1765,review
1766,reflect
1767,south
1768,slower
1769,predictability
1770,alltime
1771,technologists
1772,longs
1773,gathered
1774,discussions
1775,ship
1776,roaming
1777,techniques
1778,wellness
1779,successfully
1780,dont
1781,overseas
1782,liability
1783,downloadable
1784,coram
1785,emergency
1786,sizable
1787,secondary
1788,realworld
1789,begun
1790,pioneer
1791,correlated
1792,organize
1793,hosting
1794,print
1795,component
1796,wouldnt
1797,forces
1798,quick
1799,outset
1800,mark
1801,ate
1802,fulfilling
1803,learn
1804,bolster
1805,african
1806,devices
1807,merge
1808,grid
1809,advancing
1810,reflection
1811,exchange
1812,transitions
1813,premise
1814,tion
1815,revolutionize
1816,transformations
1817,jeopardy
1818,realistic
1819,twothirds
1820,relief
1821,capitalintensive
1822,administrative
1823,seamless
1824,advisors
1825,mr
1826,winners
1827,safely
1828,quietly
1829,steps
1830,redirect
1831,inthe
1832,fastestgrowing
1833,sand
1834,modernize
1835,journey
1836,appropriate
1837,encouraging
1838,unleashed
1839,strike
1840,coincidence
1841,grades
1842,sized
1843,account
1844,schwartz
1845,dark
1846,unable
1847,officer
1848,measures
1849,arose
1850,commission
1851,cultures
1852,franchise
1853,attractive
1854,handle
1855,assume
1856,complex
1857,fuel
1858,xevdo
1859,medium
1860,pc
1861,attacks
1862,took
1863,compare
1864,oriented
1865,papaterra
1866,automatically
1867,cultureand
1868,scholars
1869,maria
1870,nokia
1871,quiz
1872,exception
1873,usage
1874,site
1875,reexamining
1876,average
1877,clinical
1878,navy
1879,appreciation
1880,accounts
1881,aetna
1882,improvement
1883,instability
1884,bodes
1885,permian
1886,led
1887,consecutive
1888,exhilarating
1889,satisfaction
1890,crucial
1891,trends
1892,pronounced
1893,began
1894,clip
1895,infrastructures
1896,attributes
1897,readily
1898,acreage
1899,ofthe
1900,posted
1901,nomic
1902,status
1903,remarkably
1904,availability
1905,difference
1906,fifth
1907,accessed
1908,characterized
1909,multidisciplinary
1910,choosing
1911,music
1912,trans
1913,cases
1914,strict
1915,capitol
1916,yearsand
1917,difficulty
1918,uphold
1919,diluted
1920,willingness
1921,deepwater
1922,pharmacists
1923,profile
1924,womenowned
1925,greater
1926,experienced
1927,live
1928,respond
1929,breakthrough
1930,refining
1931,spur
1932,deepening
1933,flexible
1934,utilizes
1935,lessthantruckload
1936,road
1937,offering
1938,caused
1939,denison
1940,seattle
1941,social
1942,corp
1943,mcmillan
1944,laid
1945,noble
1946,fx
1947,gamble
1948,heavy
1949,predicated
1950,cash
1951,talking
1952,establish
1953,miles
1954,recommend
1955,offices
1956,index
1957,wealthy
1958,halfdozen
1959,augment
1960,meant
1961,scenarios
1962,hire
1963,relevance
1964,paperdependent
1965,sumitomo
1966,goals
1967,explain
1968,exit
1969,realities
1970,tests
1971,operators
1972,lie
1973,mergers
1974,thoughts
1975,navigating
1976,highvolume
1977,distressed
1978,discovering
1979,accordingly
1980,houston
1981,responds
1982,storm
1983,developer
1984,faced
1985,independent
1986,indicated
1987,tumultuous
1988,nonstrategic
1989,expands
1990,expectations
1991,subsidiaries
1992,assettm
1993,combined
1994,responding
1995,respects
1996,niger
1997,classes
1998,protected
1999,enhanced
2000,intelligent
2001,administer
2002,vaccination
2003,happening
2004,fundamental
2005,seek
2006,collaboration
2007,achieved
2008,rate
2009,granted
2010,tools
2011,external
2012,featured
2013,twitter
2014,liabilities
2015,exposed
2016,foreclosure
2017,oem
2018,customerfacing
2019,require
2020,discoveries
2021,manufactured
2022,evolve
2023,devote
2024,weathered
2025,strengthened
2026,confronting
2027,gain
2028,demographic
2029,rampups
2030,studies
2031,majority
2032,portfolio
2033,treating
2034,fee
2035,newer
2036,respective
2037,aspects
2038,fires
2039,deep
2040,representing
2041,easily
2042,inspired
2043,comprehensive
2044,reinventions
2045,specific
2046,reshaping
2047,darkest
2048,connectivity
2049,believed
2050,events
2051,high
2052,professional
2053,revenue
2054,election
2055,requires
2056,lowering
2057,technological
2058,exceeds
2059,tightening
2060,intensity
2061,refinery
2062,focused
2063,agent
2064,stockholders
2065,types
2066,replaced
2067,uswe
2068,bedrock
2069,impacted
2070,companya
2071,worker
2072,game
2073,instead
2074,included
2075,products
2076,unsustainable
2077,developers
2078,resolving
2079,meter
2080,regional
2081,relentlessly
2082,gives
2083,verizon
2084,concentrated
2085,philosophy
2086,complements
2087,reordering
2088,free
2089,senior
2090,reconstruction
2091,announcement
2092,rewarded
2093,efficiency
2094,ingenuity
2095,degree
2096,strong
2097,officers
2098,efficiently
2099,slowed
2100,finished
2101,foreclosures
2102,heres
2103,inspire
2104,past
2105,pricing
2106,applaud
2107,tighter
2108,bills
2109,placed
2110,basic
2111,ibms
2112,integrator
2113,come
2114,precision
2115,wisdom
2116,permanently
2117,spanning
2118,firstever
2119,facet
2120,wasnt
2121,judgments
2122,define
2123,derivatives
2124,evaluation
2125,doing
2126,consequential
2127,unit
2128,disputes
2129,privacy
2130,likely
2131,cut
2132,scenario
2133,alongside
2134,fastchanging
2135,speed
2136,portion
2137,inherent
2138,lence
2139,resiliency
2140,policy
2141,insider
2142,packages
2143,differentiation
2144,industries
2145,extra
2146,bluechip
2147,living
2148,foster
2149,layers
2150,answers
2151,sustainable
2152,moments
2153,patent
2154,nding
2155,transformative
2156,sourcing
2157,methods
2158,returning
2159,recycling
2160,burgeoning
2161,white
2162,promotions
2163,indonesia
2164,accelerating
2165,turning
2166,impatient
2167,relevant
2168,enviable
2169,approaches
2170,focal
2171,russia
2172,aspiration
2173,addiction
2174,auto
2175,opens
2176,deal
2177,organized
2178,artificial
2179,agreed
2180,look
2181,chipset
2182,representatives
2183,nonrecurring
2184,bullish
2185,paid
2186,ing
2187,shoes
2188,movie
2189,prevent
2190,hardware
2191,subject
2192,achieving
2193,inflows
2194,legislation
2195,plays
2196,cover
2197,mothers
2198,recently
2199,finding
2200,transformed
2201,resilient
2202,lived
2203,negative
2204,reduce
2205,coast
2206,toour
2207,event
2208,fall
2209,true
2210,connectkey
2211,accessible
2212,view
2213,copy
2214,tors
2215,working
2216,appliances
2217,surveillance
2218,pursue
2219,installation
2220,rests
2221,eco
2222,cluster
2223,operator
2224,developed
2225,jointventure
2226,stream
2227,initiative
2228,secure
2229,punctuated
2230,versions
2231,preparing
2232,hindered
2233,earned
2234,andthe
2235,execute
2236,file
2237,suit
2238,like
2239,win
2240,personalized
2241,kept
2242,moves
2243,waters
2244,location
2245,address
2246,economic
2247,sprint
2248,beta
2249,valuable
2250,credibility
2251,consciousness
2252,cutting
2253,freddie
2254,critically
2255,allocate
2256,categories
2257,omnitracs
2258,servicesled
2259,enthusiastic
2260,deliver
2261,responsiveness
2262,protection
2263,routine
2264,receivables
2265,science
2266,cleaner
2267,threshold
2268,money
2269,guideline
2270,slow
2271,chronic
2272,repurchase
2273,transforming
2274,educators
2275,expedite
2276,supplying
2277,baker
2278,developing
2279,multimode
2280,ill
2281,mathematical
2282,brings
2283,millions
2284,downward
2285,newly
2286,implications
2287,knowing
2288,commit
2289,japanese
2290,intently
2291,challenged
2292,theyve
2293,pascagoula
2294,infrastructure
2295,wellinformed
2296,clouds
2297,processes
2298,supply
2299,installs
2300,encompasses
2301,eager
2302,excess
2303,highlighted
2304,catalyze
2305,years
2306,celebrate
2307,continually
2308,software
2309,denver
2310,parties
2311,counterparts
2312,grants
2313,constant
2314,partnership
2315,hedge
2316,brand
2317,park
2318,carry
2319,challenges
2320,painful
2321,forged
2322,contributions
2323,merrill
2324,threefold
2325,block
2326,easier
2327,seen
2328,brown
2329,indesign
2330,unprecedented
2331,grounded
2332,engines
2333,ordertocash
2334,hyperlipidemia
2335,center
2336,architecture
2337,needbased
2338,amid
2339,youth
2340,guidance
2341,onethird
2342,rise
2343,rooted
2344,bubble
2345,stop
2346,simplified
2347,sara
2348,swaps
2349,cultivate
2350,containing
2351,understood
2352,delta
2353,fiscal
2354,presses
2355,urgency
2356,imple
2357,targeted
2358,relatively
2359,solid
2360,option
2361,employers
2362,researchers
2363,onetime
2364,pointed
2365,simultaneously
2366,competencies
2367,radioone
2368,taken
2369,balances
2370,active
2371,logistical
2372,illnesses
2373,predict
2374,executive
2375,inflation
2376,variations
2377,equities
2378,mentioned
2379,effectiveness
2380,typically
2381,significance
2382,unless
2383,credit
2384,foot
2385,choices
2386,chevron
2387,workflows
2388,expect
2389,ranks
2390,greenhouse
2391,employed
2392,tap
2393,drill
2394,budget
2395,bonuses
2396,restoring
2397,structural
2398,minority
2399,traffic
2400,inroads
2401,country
2402,female
2403,navigate
2404,international
2405,vertical
2406,roughly
2407,affect
2408,differentiates
2409,secretary
2410,limited
2411,wish
2412,sva
2413,remains
2414,distribution
2415,sarbanesoxley
2416,manu
2417,amounts
2418,sets
2419,gaining
2420,responsibility
2421,settlements
2422,oilfield
2423,adopt
2424,consumed
2425,petroleum
2426,defined
2427,wavered
2428,michael
2429,officials
2430,express
2431,performing
2432,proliferation
2433,cooperation
2434,competency
2435,press
2436,generates
2437,integrating
2438,branches
2439,cellular
2440,mindful
2441,harnessing
2442,andwe
2443,retirees
2444,landmark
2445,bad
2446,luxury
2447,document
2448,tables
2449,early
2450,tough
2451,alliances
2452,lens
2453,falling
2454,attention
2455,magazine
2456,securitization
2457,servicein
2458,real
2459,fellow
2460,patents
2461,order
2462,just
2463,scores
2464,heart
2465,takes
2466,recognize
2467,highest
2468,bucks
2469,skills
2470,efficient
2471,fulltime
2472,upside
2473,indian
2474,method
2475,volunteer
2476,softer
2477,worldscale
2478,bigger
2479,assessments
2480,theme
2481,launch
2482,multiyear
2483,hurdles
2484,sam
2485,project
2486,organizational
2487,alto
2488,acute
2489,decisively
2490,professionals
2491,fighting
2492,recognizing
2493,themwe
2494,nonperforming
2495,highreturn
2496,elements
2497,square
2498,building
2499,chairmans
2500,balance
2501,structure
2502,exist
2503,gratitude
2504,discussion
2505,lending
2506,units
2507,tailored
2508,divested
2509,exciting
2510,institution
2511,short
2512,medications
2513,peers
2514,sourced
2515,parents
2516,user
2517,internal
2518,ebola
2519,defer
2520,oneof
2521,spring
2522,extracare
2523,retaining
2524,decadesof
2525,purchase
2526,changing
2527,consumerdriven
2528,functions
2529,striking
2530,shortcycle
2531,competitor
2532,tragic
2533,union
2534,ease
2535,math
2536,powers
2537,line
2538,qis
2539,mediaflo
2540,wireless
2541,fronts
2542,reasonable
2543,troops
2544,diversity
2545,regionally
2546,added
2547,preferences
2548,sixth
2549,cents
2550,nontrivial
2551,redesign
2552,enhances
2553,fear
2554,oversight
2555,better
2556,begins
2557,succeed
2558,narrow
2559,specialized
2560,informed
2561,introduction
2562,suite
2563,winner
2564,adapting
2565,running
2566,shareholders
2567,rebranding
2568,expand
2569,wage
2570,choose
2571,rd
2572,relating
2573,subsidiary
2574,cost
2575,cyclical
2576,adobes
2577,referrals
2578,whats
2579,processed
2580,accomplishment
2581,size
2582,involves
2583,weaker
2584,coordination
2585,equivalents
2586,laboratories
2587,pragmatic
2588,discretionary
2589,secured
2590,microsofts
2591,pdf
2592,gs
2593,gravity
2594,scale
2595,division
2596,return
2597,preventing
2598,rates
2599,week
2600,contrarian
2601,equipped
2602,emerging
2603,perspective
2604,gobi
2605,conversations
2606,zone
2607,overstate
2608,byproduct
2609,remarkable
2610,tengiz
2611,tackle
2612,tunities
2613,assembled
2614,stockholder
2615,activities
2616,modest
2617,ingly
2618,avoid
2619,weakness
2620,accountable
2621,triple
2622,progressive
2623,overall
2624,rational
2625,tripling
2626,unitedhealthcare
2627,drew
2628,makers
2629,keeps
2630,accounted
2631,basedon
2632,texaco
2633,raise
2634,achievements
2635,networked
2636,ueberroth
2637,achievement
2638,questions
2639,themes
2640,values
2641,choppy
2642,reputational
2643,volunteers
2644,network
2645,ethos
2646,halves
2647,framemaker
2648,intellectual
2649,cation
2650,memory
2651,investment
2652,english
2653,proof
2654,differentiating
2655,documentintensive
2656,foundational
2657,invest
2658,manifestation
2659,satellites
2660,envision
2661,reflected
2662,completions
2663,character
2664,single
2665,started
2666,exposures
2667,iraqi
2668,caught
2669,roadmap
2670,billion
2671,reintegrate
2672,inquiries
2673,responsibly
2674,inclusion
2675,magic
2676,speeds
2677,concern
2678,holding
2679,documentation
2680,injuries
2681,sessions
2682,presidential
2683,facilities
2684,leading
2685,home
2686,fastest
2687,capabilities
2688,problems
2689,longstanding
2690,recurring
2691,talk
2692,resilience
2693,integral
2694,leaner
2695,leaving
2696,smb
2697,manages
2698,prosper
2699,coinvesting
2700,employing
2701,labor
2702,raises
2703,upcycle
2704,pursuing
2705,entities
2706,doubledigit
2707,socially
2708,oronite
2709,computer
2710,clientdriven
2711,comprising
2712,hesitant
2713,national
2714,greatest
2715,institute
2716,nurse
2717,excited
2718,challenge
2719,unlock
2720,niche
2721,furthermore
2722,lose
2723,societys
2724,prepared
2725,child
2726,pervasive
2727,breaking
2728,modern
2729,toshiba
2730,described
2731,mobilefirst
2732,coinvestor
2733,claims
2734,belong
2735,scandals
2736,risks
2737,case
2738,wrenching
2739,refreshed
2740,mainframe
2741,recoveries
2742,cracker
2743,chaos
2744,sum
2745,later
2746,remember
2747,professions
2748,travel
2749,link
2750,focusing
2751,connections
2752,forget
2753,comprise
2754,coveries
2755,margins
2756,trust
2757,model
2758,streamlines
2759,poverty
2760,pull
2761,mandated
2762,exclusively
2763,retailers
2764,toner
2765,chinas
2766,recorded
2767,bench
2768,beginning
2769,highpressure
2770,reinventing
2771,structured
2772,patient
2773,worked
2774,mitsui
2775,simpler
2776,dealers
2777,increas
2778,pipeline
2779,options
2780,accelerate
2781,enrollment
2782,published
2783,guide
2784,technologydriven
2785,analytical
2786,ofour
2787,motion
2788,steady
2789,consequently
2790,revolution
2791,member
2792,attack
2793,completing
2794,collaborating
2795,bility
2796,modifications
2797,cards
2798,generation
2799,intent
2800,know
2801,suppliers
2802,iseries
2803,faith
2804,attempt
2805,represent
2806,means
2807,certifications
2808,riskadjusted
2809,distributed
2810,agility
2811,assert
2812,consumerism
2813,bring
2814,provided
2815,warner
2816,entrepreneurship
2817,contagion
2818,quadrant
2819,untapped
2820,corporation
2821,banks
2822,retirement
2823,cushion
2824,onall
2825,increased
2826,facetoface
2827,layouts
2828,news
2829,fast
2830,modular
2831,double
2832,focus
2833,separation
2834,mezzanine
2835,turmoil
2836,obtaining
2837,enjoyed
2838,switch
2839,obligation
2840,natural
2841,regulatory
2842,games
2843,vast
2844,book
2845,assisting
2846,management
2847,trains
2848,concerted
2849,pricewaterhousecoopers
2850,fail
2851,team
2852,ethane
2853,revitalize
2854,specifically
2855,writing
2856,desktop
2857,asbestos
2858,privileged
2859,motivated
2860,economics
2861,clutter
2862,remain
2863,man
2864,rolling
2865,originations
2866,dependent
2867,divide
2868,transformation
2869,invaluable
2870,describing
2871,puerto
2872,powered
2873,greeting
2874,asaservice
2875,accident
2876,big
2877,similar
2878,celebrated
2879,introductions
2880,visits
2881,broadbased
2882,arena
2883,increases
2884,formed
2885,defi
2886,intend
2887,leverages
2888,foreseeable
2889,weighing
2890,boundaries
2891,health
2892,intensive
2893,heightened
2894,filed
2895,change
2896,prefer
2897,recover
2898,conviction
2899,outbound
2900,retiring
2901,destruction
2902,renewed
2903,corner
2904,benchmark
2905,founded
2906,indicate
2907,currencies
2908,computing
2909,conversion
2910,prospect
2911,accountability
2912,unlocking
2913,qualifying
2914,scenes
2915,knowhow
2916,numbers
2917,trial
2918,totaling
2919,tangible
2920,vehicle
2921,morris
2922,lng
2923,greener
2924,normal
2925,acquisi
2926,workforce
2927,issuing
2928,closings
2929,jeff
2930,quarterly
2931,licensees
2932,key
2933,costly
2934,ago
2935,community
2936,id
2937,loans
2938,closed
2939,decline
2940,success
2941,supplier
2942,addition
2943,predictive
2944,low
2945,outpaced
2946,broaden
2947,marketswe
2948,merchant
2949,sell
2950,pbm
2951,feed
2952,noncore
2953,barracudacaratinga
2954,stand
2955,hand
2956,favor
2957,prints
2958,trading
2959,states
2960,default
2961,revolutionary
2962,grew
2963,bridging
2964,propelled
2965,settles
2966,lab
2967,lost
2968,launching
2969,chevrons
2970,resources
2971,executing
2972,tradition
2973,necessary
2974,november
2975,ecosystems
2976,discovery
2977,helped
2978,moving
2979,competitiveness
2980,troubles
2981,nora
2982,slowdown
2983,potential
2984,correct
2985,differentiate
2986,tomorrow
2987,inventories
2988,limits
2989,solve
2990,eyes
2991,inour
2992,jacobs
2993,las
2994,risktaking
2995,internally
2996,dozens
2997,optimism
2998,watson
2999,hightouch
3000,fracturing
3001,valuation
3002,shifting
3003,flowing
3004,drug
3005,legislative
3006,attracted
3007,sovereign
3008,downstream
3009,priority
3010,lowpriced
3011,standard
3012,industrystandard
3013,marking
3014,reliably
3015,designers
3016,ubiquitous
3017,alwayson
3018,advised
3019,producing
3020,content
3021,unfold
3022,refineries
3023,reduced
3024,neutral
3025,surface
3026,elimination
3027,rated
3028,spreading
3029,investor
3030,volume
3031,relations
3032,determined
3033,household
3034,kazakhstan
3035,theyre
3036,treasury
3037,prevention
3038,discussing
3039,district
3040,card
3041,unconventional
3042,realtime
3043,leveraging
3044,datadriven
3045,frac
3046,reaching
3047,pushing
3048,payment
3049,worst
3050,campus
3051,deliberate
3052,nonadherence
3053,raised
3054,hun
3055,hires
3056,pharmacies
3057,try
3058,microsoft
3059,wonder
3060,weak
3061,minneapolis
3062,saudi
3063,links
3064,incidentfree
3065,impair
3066,models
3067,fulfill
3068,does
3069,valley
3070,delivers
3071,highquality
3072,mechanisms
3073,highlights
3074,dislocation
3075,familiar
3076,insured
3077,halliburtons
3078,thrive
3079,available
3080,form
3081,ensuring
3082,anticipation
3083,children
3084,george
3085,uses
3086,bust
3087,outcome
3088,frontier
3089,creatively
3090,dislocations
3091,adhere
3092,exceeding
3093,discover
3094,schedule
3095,formidable
3096,mance
3097,assignments
3098,explosive
3099,kbrs
3100,suffered
3101,safest
3102,beginnings
3103,commoditizing
3104,equipment
3105,break
3106,leaders
3107,fusion
3108,dotcom
3109,leadup
3110,command
3111,footing
3112,response
3113,feel
3114,marquee
3115,downside
3116,cuts
3117,borrowers
3118,soundness
3119,notable
3120,worry
3121,shaping
3122,exceeded
3123,starting
3124,th
3125,agreement
3126,advantage
3127,leeds
3128,extended
3129,nuvera
3130,tried
3131,hospitals
3132,tunnels
3133,safety
3134,treatment
3135,competitively
3136,milestones
3137,aetnas
3138,prosperous
3139,reducing
3140,opposite
3141,level
3142,performance
3143,allow
3144,solomon
3145,scarce
3146,performances
3147,believe
3148,compares
3149,advertising
3150,digits
3151,uninsured
3152,leverage
3153,expert
3154,percentage
3155,depends
3156,act
3157,minutes
3158,presidents
3159,topnotch
3160,translate
3161,perceptions
3162,centered
3163,winning
3164,youve
3165,attract
3166,android
3167,protecting
3168,variety
3169,electronic
3170,revolutions
3171,distributors
3172,hiring
3173,cause
3174,decrease
3175,east
3176,disaster
3177,truly
3178,serving
3179,overcame
3180,chains
3181,fluid
3182,reviews
3183,substitute
3184,headwinds
3185,breadth
3186,color
3187,companion
3188,revolutionized
3189,energizes
3190,pdp
3191,psychiatric
3192,jobs
3193,separate
3194,connected
3195,joined
3196,ties
3197,thoughtfully
3198,old
3199,wins
3200,truth
3201,field
3202,offsetting
3203,goodwill
3204,telecom
3205,schrock
3206,logistics
3207,stay
3208,buildings
3209,times
3210,quarter
3211,thereis
3212,rewritten
3213,planet
3214,collaborate
3215,hear
3216,places
3217,interaction
3218,levels
3219,segment
3220,trillion
3221,safer
3222,expanded
3223,creation
3224,fixed
3225,welldefined
3226,engineers
3227,magazines
3228,savings
3229,longerterm
3230,economically
3231,make
3232,marketing
3233,players
3234,offloading
3235,critical
3236,world
3237,fundamentally
3238,scales
3239,series
3240,received
3241,donations
3242,path
3243,middleware
3244,voice
3245,cloudbased
3246,comply
3247,test
3248,chemicals
3249,enrolled
3250,postcrisis
3251,initiativetm
3252,black
3253,spite
3254,quantitative
3255,seeing
3256,fl
3257,say
3258,competitive
3259,information
3260,download
3261,continue
3262,communicate
3263,costefficient
3264,consistent
3265,predicted
3266,gary
3267,instruments
3268,imagine
3269,cleaning
3270,leader
3271,incumbent
3272,inkind
3273,exact
3274,adequacy
3275,collections
3276,map
3277,copying
3278,happy
3279,acknowledge
3280,solar
3281,dynamically
3282,concerned
3283,firsttomarket
3284,situation
3285,technol
3286,litigation
3287,transformational
3288,surpassed
3289,effectively
3290,grasp
3291,reservoir
3292,lowrisk
3293,thanks
3294,steel
3295,entrepreneurial
3296,qdm
3297,rating
3298,integrates
3299,customized
3300,eachof
3301,holdings
3302,incredibly
3303,written
3304,prospective
3305,gartner
3306,andrew
3307,admired
3308,hood
3309,vision
3310,projects
3311,loyal
3312,hopeful
3313,disciplined
3314,memphis
3315,giving
3316,steward
3317,cuttingedge
3318,inflection
3319,mistake
3320,highervalue
3321,middlemarket
3322,automotive
3323,having
3324,successes
3325,stayed
3326,allows
3327,en
3328,progress
3329,internet
3330,confirming
3331,gsmgprs
3332,closely
3333,azerbaijan
3334,excel
3335,statements
3336,weight
3337,chance
3338,orleans
3339,pioneered
3340,printing
3341,everincreasing
3342,leveraged
3343,selection
3344,cvspharmacy
3345,measurable
3346,pursuit
3347,gross
3348,employer
3349,honors
3350,climb
3351,role
3352,welcome
3353,equityrelated
3354,saving
3355,utilized
3356,administration
3357,validation
3358,exemplifies
3359,bank
3360,printer
3361,situations
3362,rapidly
3363,noncompensation
3364,ts
3365,enemy
3366,paying
3367,circuits
3368,follows
3369,oppor
3370,transitioning
3371,hughes
3372,dangerous
3373,canada
3374,carries
3375,automation
3376,qualcomms
3377,stake
3378,personally
3379,eighth
3380,read
3381,unfair
3382,lenders
3383,confluence
3384,appeal
3385,clientserver
3386,interpretation
3387,restore
3388,obligations
3389,broadly
3390,extreme
3391,facing
3392,miss
3393,builds
3394,photoshop
3395,enables
3396,parking
3397,appreciate
3398,malaysia
3399,costconscious
3400,opportunities
3401,investors
3402,similarly
3403,guaranteed
3404,hired
3405,twoyear
3406,agbami
3407,exceptionally
3408,create
3409,enthusiasm
3410,preeminent
3411,head
3412,accomplishments
3413,principal
3414,positive
3415,market
3416,judgment
3417,validated
3418,shoulders
3419,minimum
3420,mobile
3421,strive
3422,responded
3423,featuring
3424,public
3425,owners
3426,unconventionals
3427,desk
3428,formal
3429,imperative
3430,located
3431,intended
3432,topline
3433,provisions
3434,loss
3435,relying
3436,rwanda
3437,integrity
3438,australia
3439,represented
3440,abundant
3441,epaper
3442,underlying
3443,subsurface
3444,repositioned
3445,april
3446,equivalent
3447,mode
3448,day
3449,mapd
3450,capitalism
3451,resultsdriven
3452,lets
3453,introduce
3454,brightest
3455,mistakes
3456,optimistic
3457,includes
3458,target
3459,collaborative
3460,queens
3461,beating
3462,coined
3463,candid
3464,deploy
3465,media
3466,selected
3467,onstream
3468,followed
3469,volunteered
3470,association
3471,opioid
3472,volatility
3473,encouraged
3474,staffing
3475,lowcost
3476,history
3477,ministry
3478,pivotal
3479,electronics
3480,sales
3481,sciences
3482,goal
3483,reach
3484,producer
3485,earnings
3486,removal
3487,opportuni
3488,nonprofit
3489,lifelong
3490,oped
3491,attracting
3492,aimed
3493,sustainability
3494,works
3495,requirements
3496,clinics
3497,medtronic
3498,include
3499,chargeoffs
3500,university
3501,contain
3502,relate
3503,pdas
3504,inception
3505,snapdragon
3506,entirely
3507,things
3508,doesnt
3509,providing
3510,website
3511,testimony
3512,usa
3513,satisfied
3514,atms
3515,circumstances
3516,traditionally
3517,individual
3518,portal
3519,imperatives
3520,west
3521,onthe
3522,simplify
3523,advice
3524,annualized
3525,utility
3526,mother
3527,guest
3528,optimize
3529,mediterranean
3530,point
3531,stan
3532,compelling
3533,doubling
3534,noncash
3535,tribute
3536,forecasted
3537,visually
3538,customerswe
3539,accuracy
3540,packaging
3541,proposal
3542,ecommerce
3543,beneficial
3544,profitability
3545,provider
3546,philanthropy
3547,tandem
3548,sheets
3549,acrobat
3550,customize
3551,expanding
3552,extent
3553,lane
3554,counterparty
3555,forprofit
3556,broke
3557,initially
3558,financialservices
3559,harddisk
3560,date
3561,future
3562,upgrades
3563,profitable
3564,time
3565,capability
3566,watershed
3567,allocating
3568,reliability
3569,onsite
3570,policies
3571,citizenship
3572,montag
3573,geographic
3574,ficc
3575,brickandmortar
3576,broadened
3577,robust
3578,position
3579,onshore
3580,ciently
3581,aid
3582,predicts
3583,performancebased
3584,stress
3585,organic
3586,widened
3587,yes
3588,older
3589,transactional
3590,traces
3591,rationalized
3592,fluctuate
3593,residential
3594,kbr
3595,stuff
3596,interactive
3597,quarters
3598,growth
3599,stimulus
3600,different
3601,cloud
3602,decisions
3603,lead
3604,producers
3605,engagement
3606,competi
3607,aging
3608,drilling
3609,recessionary
3610,ones
3611,certainty
3612,incidents
3613,constraints
3614,ready
3615,kellogg
3616,experiences
3617,numerous
3618,vigilant
3619,hosted
3620,mar
3621,scheduled
3622,think
3623,enjoy
3624,institutions
3625,feels
3626,orlando
3627,transform
3628,doctor
3629,nurses
3630,leadership
3631,forecast
3632,highermargin
3633,appetite
3634,owns
3635,career
3636,graduated
3637,funded
3638,hathaway
3639,commercialize
3640,advise
3641,machine
3642,downturn
3643,mandate
3644,issuer
3645,opment
3646,managing
3647,fromthe
3648,targets
3649,award
3650,pilot
3651,language
3652,rebalancing
3653,donated
3654,popular
3655,identifying
3656,fortune
3657,costsaving
3658,bit
3659,lowtouch
3660,downturns
3661,campaign
3662,wellestablished
3663,visibility
3664,climate
3665,environmentally
3666,achieve
3667,suzanne
3668,feeling
3669,delivery
3670,globally
3671,invention
3672,broad
3673,supporting
3674,february
3675,estimated
3676,pension
3677,partially
3678,leads
3679,quarteroverquarter
3680,accelerated
3681,qualcomm
3682,suggestions
3683,strengthens
3684,hawaii
3685,heritage
3686,fallout
3687,decade
3688,listening
3689,post
3690,rigorously
3691,apply
3692,paradigm
3693,solicit
3694,competed
3695,record
3696,wider
3697,ample
3698,hospital
3699,bulk
3700,custom
3701,groups
3702,context
3703,veteran
3704,parameters
3705,fortunate
3706,integrated
3707,earth
3708,adjusting
3709,materials
3710,partnerships
3711,fuller
3712,institutional
3713,rmbs
3714,retired
3715,microelectronics
3716,route
3717,nations
3718,annually
3719,strain
3720,proprietary
3721,widely
3722,load
3723,annuity
3724,doubt
3725,presents
3726,tive
3727,evidenced
3728,financing
3729,cybersecurity
3730,ipos
3731,founding
3732,train
3733,western
3734,production
3735,license
3736,trying
3737,agency
3738,eventually
3739,sigma
3740,met
3741,acclaim
3742,industryspecific
3743,evident
3744,traditional
3745,gts
3746,virtue
3747,backed
3748,estate
3749,fax
3750,diseases
3751,summary
3752,defeated
3753,update
3754,operating
3755,engineeringrelated
3756,industry
3757,write
3758,anchors
3759,era
3760,common
3761,permanent
3762,finish
3763,lancaster
3764,multifaceted
3765,gauge
3766,called
3767,pending
3768,notebook
3769,employment
3770,frontend
3771,adaptive
3772,proactively
3773,medicaid
3774,yearoveryear
3775,anytime
3776,strengthen
3777,colleges
3778,amidst
3779,extends
3780,fastgrowing
3781,migrate
3782,plateau
3783,terrorist
3784,course
3785,prevalence
3786,affirmation
3787,ways
3788,dynamic
3789,promises
3790,africa
3791,pursued
3792,steam
3793,kingdom
3794,separately
3795,foremost
3796,diversified
3797,frequency
3798,competitors
3799,drivers
3800,aspire
3801,ranging
3802,declined
3803,materially
3804,creates
3805,imaging
3806,wellfunded
3807,simulate
3808,considerations
3809,automate
3810,execution
3811,hold
3812,targeting
3813,advance
3814,flow
3815,contribute
3816,brics
3817,passion
3818,snaptrack
3819,ings
3820,mental
3821,nigeria
3822,societies
3823,floors
3824,derived
3825,breakthroughs
3826,prescription
3827,franchises
3828,alternatives
3829,consumerfriendly
3830,earliest
3831,deemphasize
3832,macroeconomic
3833,foreign
3834,oiland
3835,succeeded
3836,accessibility
3837,thats
3838,wont
3839,excellent
3840,limit
3841,outgrow
3842,area
3843,venture
3844,toll
3845,contacts
3846,accordant
3847,neighbors
3848,detroit
3849,recessionresistant
3850,converting
3851,originated
3852,exceptional
3853,push
3854,ranked
3855,mid
3856,speaking
3857,house
3858,protocols
3859,dramatic
3860,floor
3861,manufacturers
3862,confirmed
3863,outperform
3864,emergence
3865,constitutes
3866,north
3867,wallet
3868,ance
3869,finally
3870,unfavorable
3871,outstand
3872,unleashing
3873,havea
3874,negotiating
3875,centers
3876,draw
3877,geologic
3878,occurred
3879,reimagine
3880,tripled
3881,good
3882,treatments
3883,private
3884,paving
3885,approaching
3886,margin
3887,president
3888,copies
3889,driver
3890,workloads
3891,today
3892,special
3893,late
3894,hybrid
3895,agile
3896,defaults
3897,crossborder
3898,surveyed
3899,aggregate
3900,injection
3901,engaging
3902,dollars
3903,identified
3904,qtl
3905,shelf
3906,presentations
3907,finest
3908,reinforces
3909,harlem
3910,influence
3911,jones
3912,ireland
3913,analyze
3914,lack
3915,politics
3916,chances
3917,choice
3918,proceed
3919,academia
3920,backoffice
3921,operationally
3922,flagship
3923,diabetes
3924,council
3925,belief
3926,face
3927,battle
3928,acquisition
3929,bets
3930,grown
3931,liquidity
3932,logging
3933,ongoing
3934,harveys
3935,creativity
3936,factoring
3937,continued
3938,deposits
3939,starts
3940,ultimately
3941,applicable
3942,tom
3943,bonus
3944,hurricanes
3945,americans
3946,universal
3947,haul
3948,austria
3949,reached
3950,ebusiness
3951,store
3952,brought
3953,commodity
3954,struggled
3955,confident
3956,allocation
3957,firm
3958,fallen
3959,universe
3960,highconsequence
3961,malo
3962,meaningful
3963,dallas
3964,colleagues
3965,images
3966,escravos
3967,vitality
3968,pharmacys
3969,access
3970,carlson
3971,assisted
3972,best
3973,cycle
3974,thriving
3975,prices
3976,digit
3977,swift
3978,arrangements
3979,arabia
3980,corners
3981,criteria
3982,grows
3983,performer
3984,silverscript
3985,receive
3986,complete
3987,phones
3988,transfer
3989,advanced
3990,remove
3991,trips
3992,central
3993,associate
3994,publicprivate
3995,csr
3996,percentowned
3997,extraordinarily
3998,deeper
3999,pharmaceuticals
4000,income
4001,underway
4002,shaped
4003,carried
4004,forecasts
4005,strongest
4006,company
4007,counterproductive
4008,representative
4009,fixtures
4010,assured
4011,opportunistic
4012,engine
4013,wake
4014,highvalue
4015,receiving
4016,liquefied
4017,gaps
4018,financially
4019,carriers
4020,equally
4021,sharein
4022,opened
4023,planned
4024,prior
4025,reservoirs
4026,additions
4027,crude
4028,pagemaker
4029,service
4030,portable
4031,nonproductive
4032,adaptable
4033,managers
4034,approved
4035,caliber
4036,extract
4037,reimbursement
4038,forefront
4039,agement
4040,prime
4041,paper
4042,mutual
4043,lynch
4044,property
4045,holders
4046,positioned
4047,stations
4048,magnet
4049,produce
4050,fresh
4051,changed
4052,reinvented
4053,cars
4054,equation
4055,rivals
4056,segundo
4057,proven
4058,conservative
4059,advancements
4060,esgs
4061,discuss
4062,gets
4063,expense
4064,long
4065,generally
4066,ments
4067,comments
4068,mortgage
4069,sharp
4070,drugs
4071,improves
4072,war
4073,strategy
4074,families
4075,totaled
4076,roads
4077,dear
4078,synergies
4079,rhetoric
4080,email
4081,probe
4082,completed
4083,marked
4084,retooled
4085,seeking
4086,chairmen
4087,space
4088,partnering
4089,simplicity
4090,ahead
4091,affiliation
4092,consolidated
4093,orange
4094,com
4095,transaction
4096,bpo
4097,introducing
4098,consumer
4099,legacy
4100,fluids
4101,behavior
4102,changes
4103,evolves
4104,machines
4105,specialists
4106,blackandwhite
4107,gene
4108,realizing
4109,regulation
4110,faster
4111,imagined
4112,angola
4113,harvest
4114,closer
4115,friends
4116,tapped
4117,manage
4118,messaging
4119,easytouse
4120,people
4121,depend
4122,marketsthe
4123,equality
4124,joint
4125,gcib
4126,nity
4127,minuteclinic
4128,smart
4129,skilled
4130,arguably
4131,interests
4132,considerable
4133,flexibility
4134,chemical
4135,reinvest
4136,accepted
4137,commercial
4138,diversify
4139,yesterdays
4140,workforces
4141,stimulating
4142,element
4143,relationships
4144,unnecessary
4145,capitalized
4146,pressured
4147,pop
4148,practices
4149,created
4150,outperformed
4151,makes
4152,department
4153,reinforced
4154,enters
4155,secret
4156,meeting
4157,car
4158,weare
4159,essentialto
4160,feature
4161,outreach
4162,rules
4163,clear
4164,feet
4165,flat
4166,geography
4167,carolina
4168,arrive
4169,countries
4170,succession
4171,john
4172,participants
4173,electronically
4174,validating
4175,bases
4176,baby
4177,points
4178,mind
4179,stemming
4180,lot
4181,ships
4182,poor
4183,assumed
4184,chris
4185,shareholder
4186,timely
4187,door
4188,category
4189,versus
4190,fannie
4191,columbia
4192,rewarding
4193,milestone
4194,coverage
4195,stabilizing
4196,futurenot
4197,expensive
4198,deployments
4199,tobe
4200,don
4201,pretax
4202,diego
4203,havent
4204,solution
4205,fourthquarter
4206,bestinclass
4207,eliminates
4208,highgrowth
4209,amortization
4210,approximately
4211,main
4212,partsof
4213,straight
4214,reassuring
4215,deeply
4216,processor
4217,massive
4218,shipbuilding
4219,spurred
4220,establishing
4221,retailer
4222,threats
4223,amazing
4224,words
4225,behavioral
4226,enduring
4227,boosted
4228,populations
4229,financials
4230,environment
4231,migration
4232,opportunitiesfor
4233,evolving
4234,advantages
4235,returned
4236,version
4237,protocol
4238,promotional
4239,updated
4240,openness
4241,responsibil
4242,story
4243,rigs
4244,earningsper
4245,translates
4246,shipped
4247,bibiyana
4248,transport
4249,mission
4250,ingest
4251,contrary
4252,infused
4253,palo
4254,marcellus
4255,looked
4256,plan
4257,barrel
4258,simplest
4259,tions
4260,chip
4261,meetings
4262,higherquality
4263,sec
4264,profitably
4265,inspiration
4266,channel
4267,telecommunications
4268,contact
4269,asso
4270,selective
4271,conjunction
4272,ceos
4273,outsized
4274,ethical
4275,optimizing
4276,allowing
4277,spends
4278,mainly
4279,ims
4280,awarded
4281,debt
4282,album
4283,hydrocarbons
4284,bright
4285,commerce
4286,dizzying
4287,control
4288,historical
4289,samestore
4290,cient
4291,removed
4292,action
4293,largely
4294,highimpact
4295,werent
4296,embedding
4297,variable
4298,formation
4299,dimension
4300,solutions
4301,broadest
4302,finalized
4303,bound
4304,landscape
4305,standardization
4306,tomarket
4307,facilitating
4308,helpful
4309,missing
4310,strategically
4311,mix
4312,futureis
4313,services
4314,disruption
4315,france
4316,impact
4317,collapse
4318,realigned
4319,reform
4320,pass
4321,profound
4322,requirement
4323,homes
4324,reverse
4325,suc
4326,straightforward
4327,marketplace
4328,watsons
4329,foundations
4330,posed
4331,track
4332,install
4333,occurring
4334,turbulence
4335,ensuing
4336,collected
4337,initial
4338,startups
4339,biennial
4340,consolidation
4341,courses
4342,partly
4343,quickly
4344,locations
4345,junior
4346,offerings
4347,reserves
4348,issues
4349,firmly
4350,gdp
4351,immediate
4352,tapping
4353,hard
4354,affordability
4355,sought
4356,endeavors
4357,offers
4358,optumhealth
4359,fleets
4360,xeroxs
4361,actively
4362,turned
4363,stores
4364,web
4365,boomers
4366,statoil
4367,september
4368,procedures
4369,refer
4370,headed
4371,clock
4372,chairman
4373,photographs
4374,renewable
4375,disruptive
4376,domain
4377,nature
4378,recommendations
4379,transac
4380,nominated
4381,friend
4382,outsourcing
4383,photo
4384,develop
4385,bonds
4386,culmination
4387,conducted
4388,principle
4389,intimate
4390,employee
4391,valued
4392,integrators
4393,convenient
4394,recruitment
4395,general
4396,diligently
4397,rotary
4398,urbanization
4399,affiliations
4400,inclass
4401,unveiled
4402,doors
4403,domains
4404,participated
4405,pumping
4406,power
4407,empowered
4408,principally
4409,poised
4410,plain
4411,outside
4412,windows
4413,dow
4414,secondlargest
4415,healths
4416,contributing
4417,cultivating
4418,trusted
4419,standards
4420,given
4421,india
4422,age
4423,metric
4424,december
4425,issued
4426,payor
4427,somewhat
4428,undergoing
4429,thrust
4430,tradeweb
4431,certification
4432,addressing
4433,eps
4434,welfare
4435,embraced
4436,procurement
4437,restructured
4438,backdrop
4439,dividends
4440,gigabytes
4441,premiere
4442,unwavering
4443,outstanding
4444,ovations
4445,dry
4446,delinquent
4447,slowing
4448,light
4449,benefited
4450,tinue
4451,additionally
4452,weve
4453,strengths
4454,reductions
4455,exiting
4456,ers
4457,leadershipin
4458,xerography
4459,kind
4460,lawyers
4461,million
4462,follow
4463,hit
4464,iteration
4465,basins
4466,harvey
4467,sentiment
4468,atlanta
4469,format
4470,designed
4471,thornley
4472,trials
4473,client
4474,page
4475,demands
4476,republic
4477,unsecured
4478,current
4479,height
4480,texas
4481,far
4482,behaviors
4483,devel
4484,eastern
4485,possible
4486,play
4487,overthecounter
4488,quality
4489,flows
4490,signs
4491,fi
4492,perceived
4493,william
4494,plex
4495,partnersto
4496,profiles
4497,major
4498,streams
4499,paths
4500,tenet
4501,dis
4502,gathering
4503,question
4504,mean
4505,inpatient
4506,embedded
4507,innovating
4508,firms
4509,sustain
4510,hardly
4511,skill
4512,storied
4513,impressive
4514,reduction
4515,medical
4516,ramp
4517,checks
4518,launched
4519,diversifying
4520,cornerstone
4521,workplace
4522,lgbt
4523,reinvention
4524,intermediation
4525,applied
4526,reports
4527,founders
4528,wherewithal
4529,oldest
4530,calendar
4531,hike
4532,economy
4533,ture
4534,divest
4535,pools
4536,nancial
4537,excitement
4538,yielded
4539,accounting
4540,essential
4541,named
4542,unrealized
4543,immediately
4544,viable
4545,shortage
4546,encourage
4547,banco
4548,hundreds
4549,urban
4550,population
4551,geological
4552,environmental
4553,manner
4554,quicker
4555,following
4556,restricts
4557,acceptance
4558,ethics
4559,simply
4560,venezuela
4561,determination
4562,modified
4563,isour
4564,declining
4565,compliance
4566,indepth
4567,medicine
4568,relocated
4569,yearn
4570,function
4571,peoples
4572,connects
4573,stock
4574,successful
4575,cleanburning
4576,sound
4577,lasalle
4578,worse
4579,realized
4580,agents
4581,busi
4582,velocity
4583,generated
4584,vary
4585,shed
4586,generations
4587,reflects
4588,midstream
4589,faces
4590,threeyear
4591,duced
4592,redefining
4593,performed
4594,spent
4595,worried
4596,volumes
4597,consulting
4598,plant
4599,priced
4600,footage
4601,july
4602,converted
4603,example
4604,entrusting
4605,surprising
4606,tengizchevroil
4607,crash
4608,visible
4609,cus
4610,host
4611,fullservice
4612,convenience
4613,pretty
4614,spend
4615,ventures
4616,differentiated
4617,scrutiny
4618,exploration
4619,redefine
4620,proved
4621,scholarships
4622,grow
4623,platforms
4624,showcase
4625,fueled
4626,smooth
4627,counsel
4628,draws
4629,overseeing
4630,andor
4631,port
4632,conflicts
4633,analog
4634,understand
4635,pressures
4636,demand
4637,corporations
4638,participate
4639,recipients
4640,multiply
4641,pack
4642,floating
4643,profit
4644,taking
4645,statement
4646,select
4647,capi
4648,york
4649,investmentgrade
4650,charge
4651,keenly
4652,controlling
4653,planning
4654,government
4655,employ
4656,innovators
4657,reflecting
4658,alternative
4659,lion
4660,functionality
4661,tasks
4662,protects
4663,playing
4664,decades
4665,aware
4666,capturing
4667,wellpositioned
4668,gpsone
4669,boom
4670,responsive
4671,igens
4672,conservatively
4673,capacity
4674,rollout
4675,cumulative
4676,piece
4677,emphasis
4678,committed
4679,academy
4680,sensors
4681,final
4682,shale
4683,copier
4684,secular
4685,keeping
4686,approach
4687,reported
4688,wellrun
4689,lever
4690,ingredient
4691,analytics
4692,immune
4693,agencies
4694,energies
4695,lists
4696,onboard
4697,yearend
4698,brazil
4699,talented
4700,material
4701,relationshipbased
4702,snapshot
4703,oilequivalent
4704,enabling
4705,unlike
4706,staying
4707,repeatedly
4708,midnovember
4709,eliminating
4710,runs
4711,equates
4712,labs
4713,morethan
4714,regard
4715,affected
4716,shows
4717,culture
4718,accessing
4719,catalyzing
4720,certainly
4721,pay
4722,registered
4723,months
4724,acquire
4725,stateoftheart
4726,im
4727,mortgaging
4728,deregulation
4729,costeffectively
4730,steerable
4731,intermediary
4732,xml
4733,laguardia
4734,testing
4735,filling
4736,treat
4737,constantly
4738,commenced
4739,cent
4740,grant
4741,acceptable
4742,outlined
4743,attempting
4744,assure
4745,onset
4746,businessin
4747,qualified
4748,squarely
4749,involved
4750,cameras
4751,accept
4752,accurate
4753,phase
4754,mass
4755,incident
4756,want
4757,happen
4758,garnered
4759,phone
4760,careful
4761,core
4762,tracks
4763,parallels
4764,seize
4765,month
4766,yearas
4767,according
4768,terrific
4769,known
4770,awards
4771,wcdma
4772,measurement
4773,urgent
4774,companies
4775,remained
4776,healthier
4777,nesses
4778,away
4779,guidelines
4780,flaring
4781,capitalizing
4782,aside
4783,simplification
4784,postsale
4785,slightly
4786,cial
4787,gastoliquids
4788,fullyear
4789,inaugural
4790,state
4791,improved
4792,seizing
4793,companywide
4794,base
4795,basel
4796,relative
4797,steve
4798,netherlands
4799,meaning
4800,ink
4801,eliminate
4802,adverse
4803,daily
4804,half
4805,bold
4806,respected
4807,entertainment
4808,generous
4809,fouryear
4810,end
4811,confronted
4812,essentially
4813,evaluations
4814,actually
4815,chester
4816,inclusive
4817,streamlining
4818,locate
4819,capital
4820,boots
4821,motivation
4822,cell
4823,did
4824,enterpriseclass
4825,thrown
4826,capture
4827,benefits
4828,graduates
4829,licensing
4830,brave
4831,prudently
4832,unite
4833,readmissions
4834,premium
4835,stories
4836,puts
4837,positions
4838,recruited
4839,region
4840,sachs
4841,analyticsbased
4842,notice
4843,advances
4844,fleetboston
4845,temporary
4846,measured
4847,latest
4848,placing
4849,immense
4850,committee
4851,error
4852,gps
4853,nology
4854,outdated
4855,going
4856,youll
4857,footprint
4858,promised
4859,distinguish
4860,worldwide
4861,prospects
4862,june
4863,data
4864,varied
4865,wall
4866,emphasized
4867,rising
4868,hr
4869,promotes
4870,obsolete
4871,close
4872,marketable
4873,commercialization
4874,selling
4875,forum
4876,prove
4877,dedication
4878,industryleading
4879,image
4880,partnered
4881,additives
4882,cautious
4883,marketdriven
4884,honoring
4885,moved
4886,programmed
4887,steadily
4888,input
4889,listed
4890,thousands
4891,bolstered
4892,pool
4893,consequence
4894,civil
4895,pacific
4896,futuretm
4897,newspapers
4898,lessons
4899,honest
4900,tampa
4901,fashion
4902,specialty
4903,root
4904,appear
4905,alumni
4906,deepen
4907,vein
4908,phenomena
4909,diversification
4910,abound
4911,withour
4912,mexico
4913,assistant
4914,reserve
4915,hope
4916,add
4917,evaluate
4918,reality
4919,mathematicians
4920,pleased
4921,school
4922,adobe
4923,aligning
4924,teammates
4925,rural
4926,shaken
4927,fourth
4928,preserve
4929,historic
4930,metrics
4931,pharmacare
4932,application
4933,customerfocused
4934,blue
4935,needs
4936,mds
4937,balanced
4938,online
4939,effi
4940,calls
4941,opening
4942,apprenticeship
4943,charges
4944,rico
4945,placements
4946,significantly
4947,connect
4948,sponsors
4949,mail
4950,enable
4951,smoothly
4952,mandates
4953,uneven
4954,supercomputers
4955,rose
4956,normalized
4957,got
4958,apps
4959,collateralized
4960,earn
4961,interconnected
4962,gratified
4963,basis
4964,resolve
4965,proactive
4966,coots
4967,coaching
4968,fair
4969,enabled
4970,doubled
4971,indices
4972,el
4973,recruiting
4974,ultimate
4975,sharing
4976,innovative
4977,cycles
4978,passage
4979,particular
4980,bar
4981,adjusted
4982,criticized
4983,bringing
4984,contours
4985,nd
4986,tend
4987,trajectory
4988,importance
4989,discrete
4990,compensation
4991,reviewing
4992,demonstrate
4993,movements
4994,pages
4995,attempted
4996,principles
4997,enormous
4998,continuum
4999,costs
5000,policymakers
5001,delivered
5002,stability
5003,spots
5004,sensing
5005,dreams
5006,estimates
5007,dna
5008,wave
5009,losses
5010,step
5011,shared
5012,technology
5013,trailing
5014,spear
5015,asa
5016,supported
5017,january
5018,lowinterest
5019,customization
5020,retain
5021,ambitious
5022,headcount
5023,briefly
5024,embarked
5025,effect
5026,tougher
5027,sp
5028,tended
5029,modernization
5030,alike
5031,intern
5032,diverse
5033,superbly
5034,lowest
5035,united
5036,hydrocarbon
5037,study
5038,completion
5039,streamlined
5040,swings
5041,conclusion
5042,rights
5043,willing
5044,dividend
5045,cementing
5046,remaining
5047,work
5048,participant
5049,initiate
5050,roles
5051,norm
5052,worlds
5053,operate
5054,customary
5055,charities
5056,comparison
5057,bottomline
5058,thoughtful
5059,substantially
5060,ward
5061,midst
5062,video
5063,ambitions
5064,excites
5065,experiencing
5066,comes
5067,college
5068,chain
5069,visualization
5070,jackst
5071,went
5072,objectives
5073,engaged
5074,manufacturer
5075,produced
5076,specifications
5077,theyear
5078,iraq
5079,steadfast
5080,inevitable
5081,aspirations
5082,consider
5083,solving
5084,really
5085,offset
5086,theus
5087,recognized
5088,workflow
5089,govern
5090,wonderful
5091,articles
5092,perform
5093,illustrator
5094,designated
5095,sea
5096,partner
5097,healthy
5098,timeconsuming
5099,ensure
5100,fluctuations
5101,developments
5102,burden
5103,publics
5104,technicolor
5105,equal
5106,cochief
5107,elevate
5108,coinvestments
5109,stable
5110,facilitate
5111,hypertension
5112,wwwxeroxcomcitizenship
5113,shocks
5114,maintained
5115,fully
5116,industrywide
5117,durable
5118,licenses
5119,analyses
5120,suggests
5121,turn
5122,indianapolis
5123,replace
5124,pace
5125,crisis
5126,overview
5127,deterioration
5128,announced
5129,reader
5130,joining
5131,compounded
5132,fell
5133,lee
5134,organizations
5135,settings
5136,bridge
5137,heads
5138,headquarters
5139,instrumental
5140,testament
5141,appears
5142,captive
5143,pioneering
5144,firmwide
5145,detract
5146,implemented
5147,alliance
5148,clearer
5149,tale
5150,felt
5151,communicating
5152,played
5153,optimized
5154,flight
5155,span
5156,boost
5157,securely
5158,portions
5159,staff
5160,demonstrates
5161,consultants
5162,industrys
5163,drives
5164,surprise
5165,acquisitions
5166,historically
5167,smaller
5168,maximizing
5169,invested
5170,outpatient
5171,teamwork
5172,reforms
5173,complementary
5174,lent
5175,cdmaone
5176,significant
5177,virtual
5178,china
5179,xerox
5180,chief
5181,room
5182,coordinate
5183,employerbased
5184,restricted
5185,highs
5186,paperbased
5187,year
5188,backgrounds
5189,approvals
5190,academic
5191,goes
5192,progressed
5193,sherwood
5194,att
5195,highperformance
5196,collect
5197,nurture
5198,maintain
5199,vice
5200,adoption
5201,commodities
5202,appointed
5203,studios
5204,nearly
5205,hurt
5206,excuses
5207,usto
5208,recovery
5209,expressing
5210,quo
5211,financial
5212,exactly
5213,servers
5214,facts
5215,benefiting
5216,garner
5217,rest
5218,align
5219,typical
5220,charging
5221,providers
5222,inferior
5223,extend
5224,correlation
5225,pinnacle
5226,set
5227,philippines
5228,opportunity
5229,operations
5230,word
5231,quantum
5232,seven
5233,sizes
5234,mud
5235,summer
5236,innovator
5237,considering
5238,used
5239,elevated
5240,rebuilding
5241,contributors
5242,barriers
5243,equitable
5244,decreased
5245,volcker
5246,constituencies
5247,combining
5248,queue
5249,physicians
5250,listen
5251,electricity
5252,city
5253,audio
5254,owe
5255,decisionmaking
5256,widen
5257,delivering
5258,taught
5259,considered
5260,handsets
5261,upped
5262,imagination
5263,board
5264,enacted
5265,instant
5266,replacement
5267,rebuild
5268,chose
5269,fees
5270,viewed
5271,collar
5272,row
5273,citizen
5274,st
5275,incentives
5276,missed
5277,present
5278,gained
5279,blankfein
5280,systemic
5281,continues
5282,ratios
5283,gave
5284,direct
5285,customercentered
5286,job
5287,ership
5288,prioritizing
5289,equity
5290,articulated
5291,homeland
5292,customercentric
5293,teams
5294,tempered
5295,channels
5296,sense
5297,comfortable
5298,plus
5299,salt
5300,researchs
5301,entered
5302,term
5303,asked
5304,mississippi
5305,number
5306,making
5307,saw
5308,prolific
5309,organically
5310,reshape
5311,mortgages
5312,disease
5313,handful
5314,spanned
5315,loan
5316,remembered
5317,broadens
5318,continuing
5319,degrees
5320,satisfying
5321,openpower
5322,regulated
5323,didnt
5324,mature
5325,knows
